Website,Email
http://kson.com/,dmca@audacy.com
http://www.imef.marines.mil/Units/I-MIG/1ST-RADIO-BN/,camppendleton@focusproject.org
http://www.imef.marines.mil/Units/I-MIG/1ST-RADIO-BN/,dma.websd@mail.mil
https://anchor.fm/christopher-boyd83,legal@spotify.com
https://anchor.fm/christopher-boyd83,tounotice@spotify.com
http://magic925.com/,Email nahi mila
http://www.arrl.org/Groups/view/escondido-ars/type:club,hq@arrl.org
http://www.arrl.org/Groups/view/escondido-ars/type:club,membership@earsclub.org
http://www.rezradio.fm/,91.3@palatribe.com
https://www.radiousabrasil.com/,Email nahi mila
http://voicemarketing.com/,Email nahi mila
http://resonatewithgod.com/,"ERROR: Page.goto: net::ERR_NAME_NOT_RESOLVED at http://resonatewithgod.com/
Call log:
  - navigating to ""http://resonatewithgod.com/"", waiting until ""domcontentloaded""
"
http://www.slacker.com/,"ERROR: Page.goto: Navigation to ""http://www.slacker.com/"" is interrupted by another navigation to ""chrome-error://chromewebdata/""
Call log:
  - navigating to ""http://www.slacker.com/"", waiting until ""domcontentloaded""
"
https://www.repeaterbook.com/repeaters/details.php?state_id=06&ID=11079,"ERROR: Page.goto: Navigation to ""https://www.repeaterbook.com/repeaters/details.php?state_id=06&ID=11079"" is interrupted by another navigation to ""https://www.liveone.com/?utm_campaign=slacker-redirect&""
Call log:
  - navigating to ""https://www.repeaterbook.com/repeaters/details.php?state_id=06&ID=11079"", waiting until ""domcontentloaded""
"
http://www.z90.com/,"ERROR: Page.goto: Navigation to ""http://www.z90.com/"" is interrupted by another navigation to ""https://www.repeaterbook.com/repeaters/details.php?state_id=06&ID=11079""
Call log:
  - navigating to ""http://www.z90.com/"", waiting until ""domcontentloaded""
"
http://www.91x.com/,"ERROR: Page.goto: Navigation to ""http://www.91x.com/"" is interrupted by another navigation to ""https://www.z90.com/""
Call log:
  - navigating to ""http://www.91x.com/"", waiting until ""domcontentloaded""
"
http://www.iheartmedia.com/,"ERROR: Page.goto: Navigation to ""http://www.iheartmedia.com/"" is interrupted by another navigation to ""https://www.91x.com/""
Call log:
  - navigating to ""http://www.iheartmedia.com/"", waiting until ""domcontentloaded""
"
http://kool959fm.com/,"ERROR: Page.goto: Navigation to ""http://kool959fm.com/"" is interrupted by another navigation to ""https://www.iheartmedia.com/""
Call log:
  - navigating to ""http://kool959fm.com/"", waiting until ""domcontentloaded""
"
http://www.thebig106.com/,"ERROR: Page.goto: Navigation to ""http://www.thebig106.com/"" is interrupted by another navigation to ""https://kool959fm.com/""
Call log:
  - navigating to ""http://www.thebig106.com/"", waiting until ""domcontentloaded""
"
https://www.larradio.com/,"ERROR: Page.goto: Navigation to ""https://www.larradio.com/"" is interrupted by another navigation to ""https://thebig106.com/""
Call log:
  - navigating to ""https://www.larradio.com/"", waiting until ""domcontentloaded""
"
http://www.kolafm.com/,"ERROR: Page.goto: Navigation to ""http://www.kolafm.com/"" is interrupted by another navigation to ""https://www.larradio.com/""
Call log:
  - navigating to ""http://www.kolafm.com/"", waiting until ""domcontentloaded""
"
https://ksgn.com/,"ERROR: Page.goto: Navigation to ""https://ksgn.com/"" is interrupted by another navigation to ""http://www.kolafm.com/""
Call log:
  - navigating to ""https://ksgn.com/"", waiting until ""domcontentloaded""
"
https://www.kcaaradio.com/,"ERROR: Page.goto: Navigation to ""https://www.kcaaradio.com/"" is interrupted by another navigation to ""https://ksgn.com/""
Call log:
  - navigating to ""https://www.kcaaradio.com/"", waiting until ""domcontentloaded""
"
http://www.radiodigital07.com/,"ERROR: Page.goto: net::ERR_NAME_NOT_RESOLVED at http://www.radiodigital07.com/
Call log:
  - navigating to ""http://www.radiodigital07.com/"", waiting until ""domcontentloaded""
"
https://www.studiowbuzz.com/,"ERROR: Page.goto: Navigation to ""https://www.studiowbuzz.com/"" is interrupted by another navigation to ""chrome-error://chromewebdata/""
Call log:
  - navigating to ""https://www.studiowbuzz.com/"", waiting until ""domcontentloaded""
"
http://www.kdawgradio.com/,"ERROR: Page.goto: Navigation to ""http://www.kdawgradio.com/"" is interrupted by another navigation to ""https://studiowbuzz.com/""
Call log:
  - navigating to ""http://www.kdawgradio.com/"", waiting until ""domcontentloaded""
"
http://www.kcalfm.com/,"ERROR: Page.goto: Navigation to ""http://www.kcalfm.com/"" is interrupted by another navigation to ""http://www.kdawgradio.com/""
Call log:
  - navigating to ""http://www.kcalfm.com/"", waiting until ""domcontentloaded""
"
http://kvcr.org/,"ERROR: Page.goto: net::ERR_CONNECTION_TIMED_OUT at http://kvcr.org/
Call log:
  - navigating to ""http://kvcr.org/"", waiting until ""domcontentloaded""
"
https://am590theanswer.com/,"ERROR: Page.goto: Navigation to ""https://am590theanswer.com/"" is interrupted by another navigation to ""chrome-error://chromewebdata/""
Call log:
  - navigating to ""https://am590theanswer.com/"", waiting until ""domcontentloaded""
"
http://www.radiolazer.com/,"ERROR: Page.goto: Navigation to ""http://www.radiolazer.com/"" is interrupted by another navigation to ""https://am590theanswer.com/""
Call log:
  - navigating to ""http://www.radiolazer.com/"", waiting until ""domcontentloaded""
"
http://celticrockradio.net/,"ERROR: Page.goto: Navigation to ""http://celticrockradio.net/"" is interrupted by another navigation to ""http://radiolazer.com/""
Call log:
  - navigating to ""http://celticrockradio.net/"", waiting until ""domcontentloaded""
"
https://katyfm.com/,"ERROR: Page.goto: Navigation to ""https://katyfm.com/"" is interrupted by another navigation to ""http://celticrockradio.net/""
Call log:
  - navigating to ""https://katyfm.com/"", waiting until ""domcontentloaded""
"
http://spinlogicradio.com/,"ERROR: Page.goto: Navigation to ""http://spinlogicradio.com/"" is interrupted by another navigation to ""https://katyfm.com/""
Call log:
  - navigating to ""http://spinlogicradio.com/"", waiting until ""domcontentloaded""
"
http://movementonair.com/,"ERROR: Page.goto: net::ERR_NAME_NOT_RESOLVED at http://movementonair.com/
Call log:
  - navigating to ""http://movementonair.com/"", waiting until ""domcontentloaded""
"
http://www.palatribe.com/businesses/pala-rez-radio/,"ERROR: Page.goto: Navigation to ""http://www.palatribe.com/businesses/pala-rez-radio/"" is interrupted by another navigation to ""chrome-error://chromewebdata/""
Call log:
  - navigating to ""http://www.palatribe.com/businesses/pala-rez-radio/"", waiting until ""domcontentloaded""
"
https://www.blackpoliticalopinion.com/,"ERROR: Page.goto: Navigation to ""https://www.blackpoliticalopinion.com/"" is interrupted by another navigation to ""https://www.palatribe.com/businesses/pala-rez-radio/""
Call log:
  - navigating to ""https://www.blackpoliticalopinion.com/"", waiting until ""domcontentloaded""
"
https://www.guadaluperadio.com/,contigo@guadaluperadio.com
https://www.straighttalkwealth.com/contact-us/,bruce@straighttalkwealth.com
http://983fmtheword.com/,Email nahi mila
https://lam1073.com/contacto/,Email nahi mila
http://www.lam1073.com/,Email nahi mila
http://ktms.com/,"ERROR: Page.goto: net::ERR_CONNECTION_TIMED_OUT at http://ktms.com/
Call log:
  - navigating to ""http://ktms.com/"", waiting until ""domcontentloaded""
"
https://radiocontentpro.com/,you@station.com
http://godstoriesministries.com/,Email nahi mila
http://www.luminary-sounds.com/,Email nahi mila
https://kjee.com/,"ERROR: Page.goto: net::ERR_CERT_DATE_INVALID at https://kjee.com/
Call log:
  - navigating to ""https://kjee.com/"", waiting until ""domcontentloaded""
"
http://www.sbarc.org/,"ERROR: Page.goto: net::ERR_EMPTY_RESPONSE at http://www.sbarc.org/
Call log:
  - navigating to ""http://www.sbarc.org/"", waiting until ""domcontentloaded""
"
http://www.kcsb.org/,advisor@kcsb.org
http://www.kcsb.org/,gm@kcsb.org
http://www.radiobronco.com/,archives@kcsb.org
http://www.radiobronco.com/,asst.eng@kcsb.org
http://www.radiobronco.com/,dmc@kcsb.org
http://www.radiobronco.com/,ext.news@kcsb.org
http://www.radiobronco.com/,gm.kjuc@kcsb.org
http://www.radiobronco.com/,int.md@kcsb.org
http://www.radiobronco.com/,int.news@kcsb.org
http://www.radiobronco.com/,maguire.carlo@gmail.com
http://www.radiobronco.com/,pd.kjuc@ucsb.edu
http://www.radiobronco.com/,publication@kcsb.org
http://www.radiobronco.com/,sports.dir@kcsb.org
https://www.outlawcountry1037.com/,"ERROR: Page.goto: net::ERR_CERT_DATE_INVALID at https://www.outlawcountry1037.com/
Call log:
  - navigating to ""https://www.outlawcountry1037.com/"", waiting until ""domcontentloaded""
"
https://www.1015bigfm.com/,webinfo@americangeneralmedia.com
https://q921radio.com/contact/,"ERROR: Page.goto: net::ERR_NAME_NOT_RESOLVED at https://q921radio.com/contact/
Call log:
  - navigating to ""https://q921radio.com/contact/"", waiting until ""domcontentloaded""
"
http://www.turnto23.com/,"ERROR: Page.goto: Navigation to ""http://www.turnto23.com/"" is interrupted by another navigation to ""chrome-error://chromewebdata/""
Call log:
  - navigating to ""http://www.turnto23.com/"", waiting until ""domcontentloaded""
"
https://www.969lacaliente.com/,"ERROR: Page.goto: Navigation to ""https://www.969lacaliente.com/"" is interrupted by another navigation to ""https://www.turnto23.com/""
Call log:
  - navigating to ""https://www.969lacaliente.com/"", waiting until ""domcontentloaded""
"
http://www.hits931fm.com/,"ERROR: Page.goto: Navigation to ""http://www.hits931fm.com/"" is interrupted by another navigation to ""https://www.969lacaliente.com/""
Call log:
  - navigating to ""http://www.hits931fm.com/"", waiting until ""domcontentloaded""
"
http://www.985thefox.com/,"ERROR: Page.goto: Navigation to ""http://www.985thefox.com/"" is interrupted by another navigation to ""https://www.hits931fm.com/""
Call log:
  - navigating to ""http://www.985thefox.com/"", waiting until ""domcontentloaded""
"
http://www.forge1039.com/,Email nahi mila
https://www.lotuscorp.com/,Email nahi mila
https://www.lapicositaonline.com/,Email nahi mila
https://campesina.com/,"ERROR: Page.eval_on_selector_all: Execution context was destroyed, most likely because of a navigation"
http://radiolobo.com/,Email nahi mila
https://www.espnbakersfield.com/,aflores@americangeneralmedia.com
http://yourradiostore.com/,yourradiostore@americangeneralmedia.com
http://laredencion.net/,pastor@iglesiadebakersfield.com
http://www.radiovidaabundante.com/,Email nahi mila
http://eatdrinkexplore.com/,hello@eatdrinkexplore.com
https://www.airnav.com/cgi-bin/navaid-info?id=GLJ,contact@airnav.com
http://www.arroyogrande.org/,huasna@arroyogrande.org
http://1041pirateradio.com/,Email nahi mila
http://bobfm1039.com/,contact@adelmanbroadcasting.com
http://www.air1.com/,donorservices@air1.com
http://familyradio.org/,privacy@familyradio.org
http://www.ktpifm.com/,"ERROR: Page.goto: net::ERR_NAME_NOT_RESOLVED at http://www.ktpifm.com/
Call log:
  - navigating to ""http://www.ktpifm.com/"", waiting until ""domcontentloaded""
"
https://bluvth-muzick-radio.ueniweb.com/?utm_campaign=gmb,"ERROR: Page.goto: Navigation to ""https://bluvth-muzick-radio.ueniweb.com/?utm_campaign=gmb"" is interrupted by another navigation to ""chrome-error://chromewebdata/""
Call log:
  - navigating to ""https://bluvth-muzick-radio.ueniweb.com/?utm_campaign=gmb"", waiting until ""domcontentloaded""
"
https://pointbroadcasting.com/,"ERROR: Page.goto: Navigation to ""https://pointbroadcasting.com/"" is interrupted by another navigation to ""https://bluvth-muzick-radio.ueniweb.com/?utm_campaign=gmb""
Call log:
  - navigating to ""https://pointbroadcasting.com/"", waiting until ""domcontentloaded""
"
http://1001thequake.com/,"ERROR: Page.goto: Navigation to ""http://1001thequake.com/"" is interrupted by another navigation to ""https://pointbroadcasting.com/""
Call log:
  - navigating to ""http://1001thequake.com/"", waiting until ""domcontentloaded""
"
https://mister-ben-bipolar.ueniweb.com/?utm_campaign=gmb,benjapr@msn.com
